{
  "profiles": {
    "violin": {
      "pnp_keypoints": {
        "chin_anchor": [-0.0427, 0, 0.01908],
        "neck_end": [0, 0.00855, 0.48236]
      },
      "geometry": {
        "strings": {
          "G": [[-0.01682, 0.06121, 0.1583], [-0.00734, 0.00855, 0.48236]],
          "D": [[-0.00656, 0.06419, 0.1583], [-0.00259, 0.00855, 0.48236]],
          "A": [[0.00656, 0.06419, 0.1583], [0.00259, 0.00855, 0.48236]],
          "E": [[0.01682, 0.06121, 0.1583], [0.00734, 0.00855, 0.48236]]
        },
        "body_outline": [
          [0, 0, 0],
          [0.085399, 0, 0.03816],
          [0.0656, 0, 0.3273],
          [0, 0, 0.3529],
          [-0.0656, 0, 0.3273],
          [-0.085399, 0, 0.03816]
        ],
        "bow_contact": null
      }
    }
  }
}
